id,first_name,last_name,email,gender,ip_address
1,Gaspar,Lowry,glowry0@imgur.com,Male,202.147.31.129
2,Maybelle,Martindale,mmartindale1@jiathis.com,Female,142.246.199.220
3,Gregoire,Lyvon,glyvon2@washingtonpost.com,Male,52.73.38.24
4,Skelly,St. Quintin,sstquintin3@auda.org.au,Male,161.192.237.253
5,Aurelea,Ledstone,aledstone4@nytimes.com,Female,70.52.234.44
6,Micheal,Lerwell,mlerwell5@earthlink.net,Male,78.180.132.249
7,Seana,Silley,ssilley6@chicagotribune.com,Female,28.238.246.115
8,Yuma,Edson,yedson7@seattletimes.com,Male,196.38.31.149
9,Nev,Satterley,nsatterley8@merriam-webster.com,Male,148.205.132.141
10,Leighton,McNelly,lmcnelly9@nps.gov,Male,126.196.223.203
11,Lannie,Gledhall,lgledhalla@blogspot.com,Male,215.90.41.90
12,Zach,Cardenas,zcardenasb@nps.gov,Male,105.203.1.49
13,Kamilah,Yitzhakof,kyitzhakofc@howstuffworks.com,Female,177.194.113.159
14,Thatcher,Ellis,tellisd@github.io,Male,99.241.200.153
15,Natal,Torrecilla,ntorrecillae@1688.com,Male,28.206.55.125
16,Hatti,McGinney,hmcginneyf@goo.gl,Female,32.182.38.195
17,Elvina,Rymer,erymerg@unicef.org,Female,31.49.144.18
18,Griz,Clapston,gclapstonh@newyorker.com,Male,237.158.21.102
19,Inge,D'Adda,idaddai@fc2.com,Female,45.95.234.254
20,Cacilia,Westbrook,cwestbrookj@latimes.com,Female,212.93.184.202
21,Agustin,Rossbrook,arossbrookk@ft.com,Male,17.177.3.250
22,Gerrie,Oldis,goldisl@europa.eu,Female,72.94.89.168
23,Trueman,McVeigh,tmcveighm@sina.com.cn,Male,114.241.200.63
24,Luce,Winthrop,lwinthropn@mayoclinic.com,Male,244.155.97.180
25,Rawley,Lynett,rlynetto@tamu.edu,Male,122.140.124.45
26,Henrietta,Bradford,hbradfordp@flavors.me,Female,73.13.8.9
27,Gaby,Dinnis,gdinnisq@house.gov,Male,248.137.75.106
28,Gerty,Panas,gpanasr@disqus.com,Female,84.152.126.75
29,Robby,Hundley,rhundleys@mapquest.com,Male,44.100.232.39
30,Seumas,Chasteney,schasteneyt@newyorker.com,Male,105.45.135.119
31,Shelbi,Camlin,scamlinu@princeton.edu,Female,232.133.204.104
32,Cara,Blowfield,cblowfieldv@cafepress.com,Female,243.117.202.69
33,Sheffield,Nelthorpe,snelthorpew@cdc.gov,Male,67.181.35.20
34,Kim,Folbigg,kfolbiggx@so-net.ne.jp,Male,86.215.46.93
35,Constantina,Cosham,ccoshamy@pen.io,Female,203.218.85.63
36,Hillery,Mitchelson,hmitchelsonz@ucsd.edu,Male,226.179.182.186
37,Tudor,Shortell,tshortell10@mysql.com,Male,197.54.32.55
38,Gage,Vales,gvales11@hao123.com,Male,98.32.12.85
39,Gretel,Elijahu,gelijahu12@dot.gov,Female,123.200.253.83
40,Tara,Cloake,tcloake13@fema.gov,Female,78.245.114.123
41,Kirby,Wellstead,kwellstead14@google.cn,Female,57.92.92.98
42,Edith,Frontczak,efrontczak15@census.gov,Female,42.171.243.141
43,Eleonore,Aliman,ealiman16@howstuffworks.com,Female,167.198.129.248
44,Nana,Wethey,nwethey17@eepurl.com,Female,255.155.51.202
45,Del,Brereton,dbrereton18@cargocollective.com,Male,228.201.252.80
46,Ariela,Adamsen,aadamsen19@tinypic.com,Female,32.144.76.233
47,Heloise,Dumphry,hdumphry1a@altervista.org,Female,15.80.109.141
48,Chase,Warsop,cwarsop1b@craigslist.org,Male,108.55.201.53
49,Adolphe,Dagnan,adagnan1c@tripadvisor.com,Male,103.126.92.23
50,Pieter,Bruun,pbruun1d@cdbaby.com,Male,45.62.197.125
51,Kile,Beauvais,kbeauvais1e@i2i.jp,Male,51.244.192.179
52,Dosi,Stirland,dstirland1f@google.ca,Female,132.135.212.75
53,Keen,Allabarton,kallabarton1g@wikipedia.org,Male,180.156.226.0
54,Hyacinthia,Mateus,hmateus1h@shareasale.com,Female,217.241.45.50
55,Ashbey,Onraet,aonraet1i@blogspot.com,Male,67.51.104.214
56,Miltie,Danilovic,mdanilovic1j@joomla.org,Male,190.145.58.173
57,Phillipe,Prozillo,pprozillo1k@istockphoto.com,Male,165.54.98.241
58,Jerrilee,Osbiston,josbiston1l@noaa.gov,Female,215.217.98.132
59,Vivien,Wynrehame,vwynrehame1m@blog.com,Female,38.3.108.168
60,Ellen,Aimable,eaimable1n@si.edu,Female,93.107.200.151
61,Teressa,Baignard,tbaignard1o@alibaba.com,Female,86.0.225.220
62,Philly,Bear,pbear1p@tiny.cc,Female,26.99.4.40
63,Franny,Batterton,fbatterton1q@ted.com,Female,146.121.41.233
64,Ophelia,Sanpher,osanpher1r@cisco.com,Female,21.224.168.87
65,Bearnard,Drable,bdrable1s@yahoo.com,Male,20.138.73.249
66,Jaquelin,Forkan,jforkan1t@4shared.com,Female,195.35.89.241
67,Gail,Ioannidis,gioannidis1u@people.com.cn,Male,12.63.184.128
68,Pierce,Gash,pgash1v@t-online.de,Male,41.86.139.208
69,Maurizio,Spivey,mspivey1w@admin.ch,Male,28.191.2.189
70,Bartram,McGann,bmcgann1x@hibu.com,Male,122.141.92.155
71,Niki,Pamphilon,npamphilon1y@constantcontact.com,Male,129.234.20.20
72,Farra,Velden,fvelden1z@booking.com,Female,146.215.188.151
73,Alasdair,Traylen,atraylen20@smh.com.au,Male,3.198.208.125
74,Sidnee,Discombe,sdiscombe21@multiply.com,Male,55.156.230.41
75,Fransisco,Nulty,fnulty22@prlog.org,Male,100.152.86.1
76,Yurik,Kelbie,ykelbie23@desdev.cn,Male,45.163.101.40
77,Jammie,Westhofer,jwesthofer24@oaic.gov.au,Female,80.92.54.170
78,Antonio,Rantoul,arantoul25@4shared.com,Male,7.30.230.116
79,Annaliese,Duffree,aduffree26@sciencedaily.com,Female,242.254.212.51
80,Hardy,Line,hline27@g.co,Male,40.168.215.152
81,Cece,Windley,cwindley28@umich.edu,Male,99.55.166.84
82,Lian,Formilli,lformilli29@jiathis.com,Female,84.222.181.148
83,Lukas,Goade,lgoade2a@netlog.com,Male,250.189.255.147
84,Guglielma,Gallo,ggallo2b@cloudflare.com,Female,153.244.252.5
85,Wally,Faier,wfaier2c@digg.com,Female,180.234.61.233
86,Kaylee,Hullbrook,khullbrook2d@skyrock.com,Female,249.134.53.100
87,Elfreda,Crasswell,ecrasswell2e@reddit.com,Female,118.187.45.66
88,Brinn,Loosemore,bloosemore2f@bloglovin.com,Female,229.163.199.138
89,Lina,Westgate,lwestgate2g@who.int,Female,216.154.237.21
90,Kris,Janse,kjanse2h@delicious.com,Female,199.17.29.100
91,Lynnet,Sheldrake,lsheldrake2i@patch.com,Female,182.33.212.194
92,Gregg,Saberton,gsaberton2j@friendfeed.com,Male,223.101.163.136
93,Julita,Deares,jdeares2k@etsy.com,Female,8.34.207.114
94,Noemi,Ogelsby,nogelsby2l@unesco.org,Female,166.184.78.230
95,Philly,Barthelet,pbarthelet2m@answers.com,Female,37.82.0.239
96,Mureil,Tonepohl,mtonepohl2n@china.com.cn,Female,172.52.47.25
97,Linell,Flatte,lflatte2o@dell.com,Female,115.119.218.37
98,Valentin,Scrowton,vscrowton2p@ycombinator.com,Male,61.147.210.47
99,Sherri,Ervine,servine2q@census.gov,Female,140.143.98.241
100,Thoma,Lashmar,tlashmar2r@cnet.com,Male,54.120.143.242
101,Glyn,Symcock,gsymcock2s@jiathis.com,Male,169.32.24.212
102,Emelda,Lomath,elomath2t@blogtalkradio.com,Female,222.9.184.194
103,Oates,Lightbourn,olightbourn2u@netlog.com,Male,224.155.77.42
104,Lynnett,Rathborne,lrathborne2v@businessinsider.com,Female,1.175.233.50
105,Sandy,Pritchitt,spritchitt2w@irs.gov,Female,59.129.154.32
106,Mahmud,Mountcastle,mmountcastle2x@arstechnica.com,Male,112.87.116.114
107,Emilio,Felmingham,efelmingham2y@naver.com,Male,55.57.26.228
108,Dyan,Baldacco,dbaldacco2z@kickstarter.com,Female,201.102.112.60
109,Jaimie,Hucker,jhucker30@indiegogo.com,Female,35.80.101.220
110,Yuri,Fewell,yfewell31@army.mil,Male,139.79.209.203
111,Kerianne,Millmore,kmillmore32@mashable.com,Female,201.181.143.235
112,Perle,Viant,pviant33@reuters.com,Female,254.160.88.98
113,Alaric,Aldwich,aaldwich34@xrea.com,Male,159.246.234.15
114,Averyl,Thornham,athornham35@myspace.com,Female,60.114.253.173
115,Darleen,Proctor,dproctor36@digg.com,Female,80.100.146.57
116,Archaimbaud,Taffurelli,ataffurelli37@wp.com,Male,164.41.11.126
117,Clyde,Exrol,cexrol38@huffingtonpost.com,Male,141.205.130.87
118,Gayle,Alasdair,galasdair39@mapy.cz,Male,186.213.27.222
119,Doralin,Ferebee,dferebee3a@google.co.uk,Female,142.205.12.75
120,Berna,Plewes,bplewes3b@addthis.com,Female,3.220.133.11
121,Ferrell,Stoneham,fstoneham3c@jimdo.com,Male,127.129.30.89
122,Bertie,Shorey,bshorey3d@hostgator.com,Female,173.180.216.108
123,Giavani,Vercruysse,gvercruysse3e@sun.com,Male,77.97.135.164
124,Elise,Bradden,ebradden3f@cam.ac.uk,Female,83.135.235.150
125,Yvon,Paffitt,ypaffitt3g@quantcast.com,Male,52.183.151.200
126,Ariadne,Bratten,abratten3h@wix.com,Female,252.86.136.135
127,Heinrik,Largent,hlargent3i@sogou.com,Male,234.118.39.248
128,Anatole,Spaight,aspaight3j@slideshare.net,Male,204.240.65.228
129,Osbourn,Kingham,okingham3k@redcross.org,Male,102.204.71.8
130,Quentin,McCadden,qmccadden3l@blogger.com,Female,48.237.163.26
131,Albertine,Kynman,akynman3m@ft.com,Female,52.125.149.228
132,Wilona,Mochan,wmochan3n@usda.gov,Female,59.32.127.40
133,Manon,Streatfeild,mstreatfeild3o@networkadvertising.org,Female,178.180.31.185
134,Delano,Swetmore,dswetmore3p@reuters.com,Male,131.201.122.252
135,Valeria,Jeroch,vjeroch3q@wired.com,Female,214.136.22.188
136,Tonnie,Southern,tsouthern3r@ask.com,Male,164.196.103.136
137,Joela,Winspar,jwinspar3s@etsy.com,Female,179.78.129.68
138,Rozanne,Roughsedge,rroughsedge3t@techcrunch.com,Female,78.170.17.109
139,Brodie,Benzing,bbenzing3u@sfgate.com,Male,191.181.4.235
140,Nil,Clohissy,nclohissy3v@mapquest.com,Male,146.244.158.169
141,Janice,Shields,jshields3w@unicef.org,Female,20.57.106.59
142,Holly,Andreia,handreia3x@pagesperso-orange.fr,Male,239.112.246.127
143,Jules,Deegan,jdeegan3y@shop-pro.jp,Male,50.76.26.245
144,Linnea,Riche,lriche3z@multiply.com,Female,68.105.245.21
145,Launce,Bredbury,lbredbury40@nyu.edu,Male,141.132.46.88
146,Jacenta,Ayree,jayree41@tinyurl.com,Female,58.235.9.55
147,Melita,Ramshay,mramshay42@macromedia.com,Female,80.166.168.75
148,Donnamarie,McCombe,dmccombe43@flickr.com,Female,55.114.91.176
149,Lexi,Station,lstation44@fc2.com,Female,54.249.117.141
150,Aida,Baraclough,abaraclough45@huffingtonpost.com,Female,203.39.158.230
151,Bev,Kynan,bkynan46@cnn.com,Female,92.221.20.111
152,Maurizio,Vanichev,mvanichev47@quantcast.com,Male,97.105.73.107
153,Rodrick,Prendeguest,rprendeguest48@freewebs.com,Male,80.59.123.1
154,Moira,Messruther,mmessruther49@networksolutions.com,Female,141.242.189.183
155,Elva,Neising,eneising4a@feedburner.com,Female,196.112.109.171
156,Cinnamon,Kerwen,ckerwen4b@photobucket.com,Female,139.228.250.172
157,Keriann,Ferne,kferne4c@phpbb.com,Female,114.26.157.110
158,Wilek,Tedstone,wtedstone4d@cloudflare.com,Male,156.107.233.123
159,Kippy,Merkel,kmerkel4e@dailymail.co.uk,Male,248.141.128.141
160,Stacey,Kelf,skelf4f@cocolog-nifty.com,Female,69.82.122.49
161,Marsiella,Prewett,mprewett4g@cam.ac.uk,Female,58.192.74.253
162,Paxon,Kennsley,pkennsley4h@elpais.com,Male,76.240.115.133
163,Lock,Dabling,ldabling4i@princeton.edu,Male,12.65.195.141
164,Lolita,Wearing,lwearing4j@free.fr,Female,238.96.12.125
165,Cliff,Giamo,cgiamo4k@buzzfeed.com,Male,121.96.236.3
166,Elinore,Pawelke,epawelke4l@ocn.ne.jp,Female,49.242.80.16
167,Mike,Golde,mgolde4m@free.fr,Male,35.51.235.140
168,Nev,Barhams,nbarhams4n@washingtonpost.com,Male,58.34.150.193
169,Gina,Peerman,gpeerman4o@topsy.com,Female,123.199.101.86
170,Neville,Braams,nbraams4p@squarespace.com,Male,125.113.180.4
171,Yankee,Kitchener,ykitchener4q@eepurl.com,Male,105.96.45.146
172,Koenraad,Terris,kterris4r@unicef.org,Male,14.184.181.42
173,Hastie,BURWIN,hburwin4s@prlog.org,Male,145.94.14.229
174,Decca,Crafter,dcrafter4t@friendfeed.com,Male,177.30.51.44
175,Etti,Little,elittle4u@wordpress.com,Female,131.151.161.148
176,Vanda,Habgood,vhabgood4v@bigcartel.com,Female,120.210.221.23
177,Mala,Barnby,mbarnby4w@about.me,Female,164.183.236.77
178,Livvyy,Peacock,lpeacock4x@answers.com,Female,31.127.72.65
179,Pier,Andrejs,pandrejs4y@pbs.org,Female,167.247.142.87
180,Martguerita,Terese,mterese4z@globo.com,Female,245.149.18.63
181,Sandy,Strothers,sstrothers50@ameblo.jp,Female,43.208.144.211
182,Bridget,Pidon,bpidon51@joomla.org,Female,79.74.21.213
183,Brier,Bock,bbock52@cnbc.com,Female,101.100.36.53
184,Javier,Syce,jsyce53@nature.com,Male,29.14.118.214
185,Hanni,Goare,hgoare54@naver.com,Female,218.154.2.81
186,Novelia,Tomkin,ntomkin55@huffingtonpost.com,Female,32.11.58.103
187,Parke,Stambridge,pstambridge56@prlog.org,Male,37.255.144.218
188,Joyous,Burren,jburren57@hibu.com,Female,87.33.98.145
189,Silvano,Justis,sjustis58@icq.com,Male,85.187.223.215
190,Aymer,Ziemsen,aziemsen59@fema.gov,Male,196.99.89.222
191,Ware,Bebbell,wbebbell5a@slashdot.org,Male,217.227.155.224
192,Anabelle,Welman,awelman5b@yahoo.co.jp,Female,162.240.17.211
193,Daphene,Yokelman,dyokelman5c@weather.com,Female,210.187.67.21
194,Louella,Charle,lcharle5d@accuweather.com,Female,19.247.26.206
195,Alexander,Thurner,athurner5e@networkadvertising.org,Male,207.102.84.148
196,Chickie,Elfitt,celfitt5f@joomla.org,Male,96.175.155.205
197,Beatrisa,Khidr,bkhidr5g@ft.com,Female,98.163.27.90
198,Duff,Pray,dpray5h@histats.com,Male,236.37.179.243
199,Cacilie,Thomtson,cthomtson5i@domainmarket.com,Female,88.32.238.191
200,Alic,Dotson,adotson5j@ft.com,Male,190.56.109.136
201,Carver,Craw,ccraw5k@prnewswire.com,Male,208.219.183.93
202,Phyllys,Wakelam,pwakelam5l@sciencedaily.com,Female,69.67.246.153
203,Maria,Cuppleditch,mcuppleditch5m@eventbrite.com,Female,78.119.253.34
204,Jenilee,Heims,jheims5n@jigsy.com,Female,237.235.32.125
205,Tailor,Paddy,tpaddy5o@auda.org.au,Male,88.157.80.81
206,Taylor,Lyptratt,tlyptratt5p@parallels.com,Male,236.36.224.122
207,Hale,McAlinden,hmcalinden5q@wikimedia.org,Male,218.83.243.54
208,Joleen,Kleinpeltz,jkleinpeltz5r@liveinternet.ru,Female,205.191.62.29
209,Moise,Heinrich,mheinrich5s@barnesandnoble.com,Male,124.243.201.184
210,Kary,Huckett,khuckett5t@slate.com,Female,145.121.255.171
211,Ilene,Muckley,imuckley5u@oakley.com,Female,137.114.168.181
212,Ginger,Franciottoi,gfranciottoi5v@mozilla.org,Female,233.74.83.3
213,Tiffi,Luetkemeyers,tluetkemeyers5w@bloomberg.com,Female,55.159.121.159
214,Peyton,Stoggell,pstoggell5x@ycombinator.com,Male,43.4.154.185
215,Barry,Danett,bdanett5y@blogger.com,Male,204.240.199.215
216,Sharline,Riddle,sriddle5z@sina.com.cn,Female,127.46.75.248
217,Mariana,O' Meara,momeara60@usa.gov,Female,1.87.136.93
218,Mikkel,Linster,mlinster61@ameblo.jp,Male,115.197.170.82
219,Roman,Streight,rstreight62@myspace.com,Male,104.170.115.50
220,Ingram,Gilbard,igilbard63@imgur.com,Male,32.51.58.7
221,Susanna,Sitlinton,ssitlinton64@fema.gov,Female,206.151.134.37
222,Emera,Darree,edarree65@so-net.ne.jp,Female,173.23.22.205
223,Heinrik,Berrigan,hberrigan66@amazon.co.jp,Male,49.184.71.187
224,Don,Kennally,dkennally67@msn.com,Male,171.31.205.213
225,Gradeigh,McDowall,gmcdowall68@unc.edu,Male,238.60.52.47
226,Skelly,Butters,sbutters69@artisteer.com,Male,244.171.2.237
227,Ree,Rutgers,rrutgers6a@ocn.ne.jp,Female,147.255.73.57
228,Regina,Maun,rmaun6b@nasa.gov,Female,222.122.142.51
229,Keen,Mitten,kmitten6c@harvard.edu,Male,238.44.204.39
230,Marlane,Osgar,mosgar6d@opera.com,Female,219.62.47.62
231,Lillian,Daenen,ldaenen6e@independent.co.uk,Female,228.64.20.96
232,Thelma,Wilhelmy,twilhelmy6f@thetimes.co.uk,Female,58.224.197.165
233,Jeana,Kohrs,jkohrs6g@ibm.com,Female,214.175.47.177
234,Wald,Inmett,winmett6h@tuttocitta.it,Male,239.176.36.164
235,Nessi,Foucar,nfoucar6i@liveinternet.ru,Female,84.10.187.16
236,Gustie,Kuhne,gkuhne6j@unesco.org,Female,37.116.2.126
237,Mair,Flitcroft,mflitcroft6k@miibeian.gov.cn,Female,170.203.139.180
238,Carlotta,Humberston,chumberston6l@parallels.com,Female,139.197.64.146
239,Clayton,Grinyer,cgrinyer6m@goo.ne.jp,Male,181.185.212.169
240,Granville,Ricciardi,gricciardi6n@google.cn,Male,227.232.105.176
241,Malynda,Hunsworth,mhunsworth6o@51.la,Female,93.150.124.109
242,Morty,Beaufoy,mbeaufoy6p@google.cn,Male,199.194.163.179
243,Joan,Kundt,jkundt6q@patch.com,Female,158.63.80.152
244,Karol,Dowty,kdowty6r@usatoday.com,Female,241.46.176.195
245,Tammie,Seavers,tseavers6s@ebay.com,Female,172.142.190.101
246,Stevie,Mc Kellen,smckellen6t@topsy.com,Male,32.185.119.28
247,Chas,Lydden,clydden6u@berkeley.edu,Male,36.158.118.234
248,Giffy,De Meis,gdemeis6v@sbwire.com,Male,17.249.197.25
249,Lenora,Aymes,laymes6w@sun.com,Female,55.160.59.170
250,Jocelyn,Ismead,jismead6x@etsy.com,Female,0.184.191.56
251,Selinda,Guildford,sguildford6y@wisc.edu,Female,81.56.133.27
252,Lorraine,McVey,lmcvey6z@un.org,Female,156.140.220.205
253,Wilbur,Lodemann,wlodemann70@miibeian.gov.cn,Male,137.181.148.217
254,Bianka,Crat,bcrat71@mediafire.com,Female,14.57.226.137
255,Jamie,Hedden,jhedden72@lulu.com,Male,25.236.112.82
256,Benedikta,Elles,belles73@sphinn.com,Female,231.165.162.203
257,Sydney,Paxton,spaxton74@globo.com,Female,26.179.138.87
258,Neala,Kenrack,nkenrack75@vimeo.com,Female,36.206.171.170
259,Emalee,Tippell,etippell76@apache.org,Female,196.29.191.96
260,Redford,Cornall,rcornall77@buzzfeed.com,Male,191.160.85.31
261,Britni,Ord,bord78@europa.eu,Female,217.231.14.136
262,Kaitlyn,Hordle,khordle79@sphinn.com,Female,45.17.112.166
263,Egon,Dixey,edixey7a@cbslocal.com,Male,148.1.40.98
264,Darby,Chedzoy,dchedzoy7b@fda.gov,Female,36.127.179.226
265,Justis,Giacomi,jgiacomi7c@imgur.com,Male,115.108.117.80
266,Myrlene,Rapelli,mrapelli7d@google.co.uk,Female,234.155.238.110
267,Haily,Blackaby,hblackaby7e@ning.com,Male,59.145.46.177
268,Quint,Giddens,qgiddens7f@squarespace.com,Male,116.10.89.67
269,Willyt,Stegers,wstegers7g@yahoo.com,Female,195.160.234.139
270,Alley,Mathews,amathews7h@imgur.com,Male,103.50.204.235
271,Bob,Ivic,bivic7i@reddit.com,Male,157.84.50.95
272,Artair,Misken,amisken7j@creativecommons.org,Male,159.58.234.46
273,Ignatius,Ollerhead,iollerhead7k@zdnet.com,Male,200.88.1.157
274,Sharon,Barczewski,sbarczewski7l@google.de,Female,196.35.125.7
275,Minne,Winger,mwinger7m@virginia.edu,Female,122.124.55.172
276,Gwenni,Winskill,gwinskill7n@slideshare.net,Female,0.240.206.244
277,Karlis,Hillett,khillett7o@cbsnews.com,Male,59.237.188.75
278,Berrie,Usherwood,busherwood7p@ted.com,Female,126.34.52.204
279,Maddie,Esome,mesome7q@mail.ru,Male,21.226.148.133
280,Keefe,Riglesford,kriglesford7r@1und1.de,Male,194.200.149.85
281,Guenevere,Hewlings,ghewlings7s@theatlantic.com,Female,176.228.127.14
282,Isidro,Springer,ispringer7t@alibaba.com,Male,141.8.106.70
283,Curran,Gerauld,cgerauld7u@jimdo.com,Male,165.182.235.32
284,Elbertine,Cordey,ecordey7v@spiegel.de,Female,194.253.113.112
285,Iris,Riedel,iriedel7w@hud.gov,Female,226.219.68.79
286,Vinnie,Angrave,vangrave7x@hibu.com,Male,146.253.187.201
287,Odo,Blaiklock,oblaiklock7y@squarespace.com,Male,193.206.200.50
288,Humfrey,Rumbold,hrumbold7z@sakura.ne.jp,Male,124.205.75.97
289,Tiebout,Keetley,tkeetley80@ted.com,Male,44.255.78.20
290,Kristian,Sannes,ksannes81@wsj.com,Male,184.47.81.110
291,Caitlin,Roantree,croantree82@ucsd.edu,Female,45.32.23.58
292,Karla,Drinan,kdrinan83@google.co.jp,Female,54.101.94.77
293,Ab,Vayne,avayne84@blogtalkradio.com,Male,4.44.5.134
294,Greggory,Eastby,geastby85@ebay.com,Male,140.216.150.209
295,Janeen,Phippard,jphippard86@1und1.de,Female,179.238.181.145
296,Andeee,Tomaini,atomaini87@admin.ch,Female,99.100.134.130
297,Horace,Smidmor,hsmidmor88@economist.com,Male,186.103.74.199
298,Jocelin,Sleath,jsleath89@upenn.edu,Female,55.101.0.148
299,Catha,Rowdell,crowdell8a@kickstarter.com,Female,143.222.71.154
300,Darin,Redmore,dredmore8b@loc.gov,Male,140.69.160.243
301,Ignace,Peacey,ipeacey8c@state.gov,Male,147.234.136.228
302,Chester,Han,chan8d@woothemes.com,Male,228.201.153.64
303,Haskell,MacNeachtain,hmacneachtain8e@tripadvisor.com,Male,34.14.152.93
304,Penni,Jacox,pjacox8f@mozilla.org,Female,85.106.63.98
305,Sandi,Di Biasio,sdibiasio8g@unc.edu,Female,234.101.141.94
306,Jobie,Prescot,jprescot8h@dedecms.com,Female,24.166.226.28
307,Loree,Joncic,ljoncic8i@wp.com,Female,47.17.205.95
308,Roz,Quarton,rquarton8j@youtu.be,Female,163.2.152.219
309,Myrtie,Brimacombe,mbrimacombe8k@yellowbook.com,Female,72.239.6.203
310,Ewan,Iorio,eiorio8l@redcross.org,Male,166.134.216.119
311,Germain,Lundbeck,glundbeck8m@msu.edu,Male,226.27.148.96
312,Reed,Liversage,rliversage8n@csmonitor.com,Male,148.71.53.14
313,Timotheus,Challinor,tchallinor8o@naver.com,Male,65.31.189.151
314,Beulah,Casseldine,bcasseldine8p@google.co.uk,Female,88.180.252.165
315,Myriam,Esplin,mesplin8q@wordpress.com,Female,177.210.235.24
316,Karita,Dunston,kdunston8r@yandex.ru,Female,212.139.175.164
317,Bron,Moring,bmoring8s@upenn.edu,Male,41.70.133.14
318,Alva,Crumpton,acrumpton8t@acquirethisname.com,Male,99.244.11.86
319,Lutero,Robe,lrobe8u@studiopress.com,Male,79.65.54.199
320,Boy,Sporton,bsporton8v@fotki.com,Male,218.218.215.179
321,Arlin,Figgins,afiggins8w@baidu.com,Male,128.197.38.230
322,Amandie,Antcliff,aantcliff8x@google.ru,Female,244.19.247.188
323,Freedman,Callaby,fcallaby8y@amazonaws.com,Male,189.142.1.195
324,Colet,Goldstraw,cgoldstraw8z@wiley.com,Male,92.156.240.117
325,Antoinette,Eddolls,aeddolls90@cnbc.com,Female,192.65.193.166
326,Chandler,Nuss,cnuss91@photobucket.com,Male,21.179.175.166
327,Shalne,Packer,spacker92@buzzfeed.com,Female,158.37.137.34
328,Gualterio,Feldstein,gfeldstein93@moonfruit.com,Male,183.103.168.208
329,Tedie,Varnals,tvarnals94@privacy.gov.au,Male,117.50.183.207
330,Eddie,Montez,emontez95@umich.edu,Female,158.178.161.198
331,Jordain,Batrim,jbatrim96@chronoengine.com,Female,48.144.244.70
332,Kizzee,Shieldon,kshieldon97@howstuffworks.com,Female,16.247.120.211
333,Harmonia,Boyton,hboyton98@prweb.com,Female,213.147.167.180
334,Loy,Radish,lradish99@cloudflare.com,Male,219.3.131.232
335,Mike,Scarsbrick,mscarsbrick9a@mtv.com,Male,215.205.217.101
336,Tildi,Kopisch,tkopisch9b@qq.com,Female,76.132.68.83
337,Trace,Fettis,tfettis9c@dailymail.co.uk,Male,64.106.222.112
338,Aggi,Gertray,agertray9d@earthlink.net,Female,93.21.53.91
339,Thomasin,Wallbrook,twallbrook9e@smugmug.com,Female,70.196.183.204
340,Broderic,Shorte,bshorte9f@craigslist.org,Male,37.72.68.97
341,Lindy,Crauford,lcrauford9g@purevolume.com,Male,246.5.127.62
342,Chariot,Deeth,cdeeth9h@skyrock.com,Male,192.254.108.79
343,Janetta,Shilstone,jshilstone9i@unblog.fr,Female,43.15.133.2
344,Lorenzo,Veillard,lveillard9j@over-blog.com,Male,35.55.25.119
345,Obadiah,Rogan,orogan9k@ezinearticles.com,Male,67.77.19.107
346,Eugenius,Avrasin,eavrasin9l@umich.edu,Male,190.47.25.41
347,Becca,Dewing,bdewing9m@mac.com,Female,115.53.77.115
348,Torry,Menhenitt,tmenhenitt9n@cornell.edu,Male,155.8.177.143
349,Billie,McGarahan,bmcgarahan9o@yale.edu,Male,249.134.38.182
350,Hermie,Kock,hkock9p@merriam-webster.com,Male,201.44.242.157
351,Bria,Eplate,beplate9q@nifty.com,Female,104.56.252.235
352,Leroy,Collinwood,lcollinwood9r@dell.com,Male,12.218.243.130
353,Bertrand,Wallbrook,bwallbrook9s@buzzfeed.com,Male,83.195.235.198
354,Terri,Giller,tgiller9t@cocolog-nifty.com,Male,253.21.122.250
355,Sauveur,Setterfield,ssetterfield9u@uol.com.br,Male,236.10.59.193
356,Prudy,Arpur,parpur9v@bluehost.com,Female,146.178.93.191
357,Roseline,Rabley,rrabley9w@blog.com,Female,231.214.1.232
358,Octavia,Stuke,ostuke9x@symantec.com,Female,3.161.184.83
359,Gerrie,Ovell,govell9y@goo.ne.jp,Male,66.25.54.195
360,Carleen,Pawelek,cpawelek9z@ca.gov,Female,157.147.93.6
361,Caresa,Yarwood,cyarwooda0@sciencedaily.com,Female,36.32.6.181
362,Alta,Junkinson,ajunkinsona1@dedecms.com,Female,204.199.250.163
363,Vikki,MacCallion,vmaccalliona2@delicious.com,Female,86.130.51.246
364,Anselm,Mielnik,amielnika3@irs.gov,Male,130.57.141.88
365,Breena,De Mattia,bdemattiaa4@buzzfeed.com,Female,173.110.138.181
366,Maxie,Hekkert,mhekkerta5@kickstarter.com,Male,215.215.190.12
367,Hardy,Aimable,haimablea6@a8.net,Male,40.45.235.26
368,Merrile,Farncomb,mfarncomba7@facebook.com,Female,159.41.196.186
369,Giulietta,Minchell,gminchella8@amazon.co.uk,Female,119.152.152.177
370,Ellyn,Kalkofen,ekalkofena9@sciencedirect.com,Female,122.180.8.248
371,Ryley,Grzelewski,rgrzelewskiaa@ed.gov,Male,74.54.209.77
372,Vassily,Pithie,vpithieab@feedburner.com,Male,155.197.167.135
373,Miranda,Van T'Hoog,mvanthoogac@lycos.com,Female,121.121.231.204
374,Matteo,Hurdedge,mhurdedgead@reverbnation.com,Male,224.152.228.81
375,Ines,Conigsby,iconigsbyae@topsy.com,Female,149.189.230.192
376,Richard,Ropking,rropkingaf@amazon.de,Male,166.94.149.122
377,Kinnie,Greensitt,kgreensittag@yahoo.co.jp,Male,191.163.23.182
378,Aubrey,Faich,afaichah@about.me,Female,13.89.96.224
379,Andy,Orgill,aorgillai@aol.com,Male,107.98.88.197
380,Rosemarie,Basnett,rbasnettaj@instagram.com,Female,178.241.219.121
381,Vernen,Dumke,vdumkeak@joomla.org,Male,201.147.135.45
382,Ives,Sproson,isprosonal@meetup.com,Male,56.122.53.236
383,Karisa,Bidewell,kbidewellam@naver.com,Female,150.82.151.169
384,Jana,Cheetham,jcheethaman@shareasale.com,Female,49.249.160.133
385,Kendricks,Mallord,kmallordao@arizona.edu,Male,102.56.232.230
386,Ashlan,Laurent,alaurentap@tiny.cc,Female,212.14.30.104
387,Frederich,Cordey,fcordeyaq@pagesperso-orange.fr,Male,108.188.33.82
388,Tobe,Leworthy,tleworthyar@artisteer.com,Male,42.184.80.46
389,Lilas,Davson,ldavsonas@mlb.com,Female,108.60.14.89
390,Thalia,Mahedy,tmahedyat@plala.or.jp,Female,124.226.143.245
391,Dianemarie,Langran,dlangranau@de.vu,Female,15.240.98.112
392,Annelise,Whittenbury,awhittenburyav@indiatimes.com,Female,203.124.133.136
393,Doralia,Satyford,dsatyfordaw@paypal.com,Female,174.184.62.205
394,Field,OIlier,foilierax@blinklist.com,Male,17.41.158.82
395,Ginevra,Lasham,glashamay@squidoo.com,Female,30.70.4.197
396,Babara,Gillise,bgilliseaz@google.com.br,Female,27.3.47.113
397,Gerri,Driffill,gdriffillb0@who.int,Male,233.14.52.143
398,Eli,Have,ehaveb1@chicagotribune.com,Male,138.4.252.176
399,Shaine,Valsler,svalslerb2@devhub.com,Female,17.216.34.195
400,Aigneis,Footitt,afootittb3@hostgator.com,Female,2.63.249.82
401,Guthrey,Moxley,gmoxleyb4@list-manage.com,Male,141.74.233.143
402,Bibbie,Bert,bbertb5@nytimes.com,Female,111.156.12.204
403,Roddy,Riditch,rriditchb6@wp.com,Male,230.251.215.25
404,Benedict,Bendtsen,bbendtsenb7@sourceforge.net,Male,82.234.188.224
405,Ahmad,Mothersole,amothersoleb8@networksolutions.com,Male,185.89.111.163
406,Ashlee,Spracklin,aspracklinb9@deviantart.com,Female,184.103.238.186
407,Wallis,Purselowe,wpurseloweba@indiegogo.com,Female,122.236.168.39
408,Bud,Pedwell,bpedwellbb@cpanel.net,Male,200.94.106.103
409,Curtice,Farndale,cfarndalebc@google.pl,Male,247.132.52.64
410,Merrill,Meiklam,mmeiklambd@noaa.gov,Male,247.202.128.253
411,Reinwald,Sorensen,rsorensenbe@hostgator.com,Male,156.105.251.57
412,Cassondra,Lazare,clazarebf@sourceforge.net,Female,89.122.231.168
413,Lanie,Desbrow,ldesbrowbg@fastcompany.com,Female,167.225.152.8
414,Stirling,Handman,shandmanbh@flickr.com,Male,204.110.237.131
415,Zach,Rabson,zrabsonbi@jiathis.com,Male,20.169.202.118
416,Had,Magarrell,hmagarrellbj@hatena.ne.jp,Male,161.130.29.174
417,Lorilyn,Chrestien,lchrestienbk@npr.org,Female,148.200.131.63
418,Dal,Winsper,dwinsperbl@lycos.com,Male,133.29.182.98
419,Dulcie,Sercombe,dsercombebm@auda.org.au,Female,87.191.75.242
420,Belle,Adamiec,badamiecbn@nature.com,Female,140.72.120.96
421,Davide,Grayley,dgrayleybo@google.com.hk,Male,192.93.160.148
422,Rayna,Ianne,riannebp@squidoo.com,Female,196.175.9.138
423,Melonie,Gingles,mginglesbq@blog.com,Female,27.167.81.205
424,Madalyn,Bewsey,mbewseybr@msu.edu,Female,2.158.218.91
425,Tammara,Botton,tbottonbs@dmoz.org,Female,139.216.212.181
426,Godfry,Mackinder,gmackinderbt@phpbb.com,Male,98.11.138.163
427,Antons,Foakes,afoakesbu@mapquest.com,Male,71.131.117.212
428,Nicko,Langford,nlangfordbv@gnu.org,Male,243.53.232.248
429,Zelda,Trimnell,ztrimnellbw@google.nl,Female,46.208.148.20
430,Hurleigh,Faivre,hfaivrebx@paginegialle.it,Male,244.157.91.136
431,Glen,McDarmid,gmcdarmidby@alexa.com,Male,207.207.121.146
432,Isaak,Darnbrook,idarnbrookbz@e-recht24.de,Male,168.130.184.7
433,Hilliary,Columbell,hcolumbellc0@umn.edu,Female,80.249.143.115
434,Doris,Aleksic,daleksicc1@github.com,Female,145.211.5.4
435,Buddy,Chiplen,bchiplenc2@nydailynews.com,Male,67.82.69.148
436,Reginauld,Chestnutt,rchestnuttc3@blogger.com,Male,136.242.126.148
437,Haroun,Bilofsky,hbilofskyc4@sohu.com,Male,189.130.120.98
438,Eudora,Fidoe,efidoec5@sbwire.com,Female,32.56.116.25
439,Brooke,Winborn,bwinbornc6@quantcast.com,Male,85.215.176.86
440,Trev,Czajka,tczajkac7@unblog.fr,Male,124.39.154.6
441,Idette,Norquoy,inorquoyc8@earthlink.net,Female,153.8.191.117
442,Ofilia,Plunkett,oplunkettc9@etsy.com,Female,147.135.68.47
443,Terrie,McNirlan,tmcnirlanca@printfriendly.com,Female,135.60.221.123
444,Yorgo,Sandon,ysandoncb@163.com,Male,163.153.40.16
445,Rosemaria,Yemm,ryemmcc@yandex.ru,Female,163.173.38.35
446,Perry,Dwyr,pdwyrcd@hexun.com,Male,249.123.90.64
447,Jeniece,Alfonsini,jalfonsinice@posterous.com,Female,162.148.226.6
448,Aubrette,Sybbe,asybbecf@sogou.com,Female,95.16.86.172
449,Eugene,Laite,elaitecg@psu.edu,Male,39.71.77.88
450,Carrie,Corneliussen,ccorneliussench@google.co.jp,Female,166.218.88.11
451,Anitra,Balstone,abalstoneci@wikimedia.org,Female,49.25.235.104
452,Milicent,Le Jean,mlejeancj@diigo.com,Female,208.145.86.0
453,Joel,Dillintone,jdillintoneck@slideshare.net,Male,114.128.27.192
454,Mariquilla,Gilphillan,mgilphillancl@nba.com,Female,218.101.168.141
455,Brandy,Sidon,bsidoncm@delicious.com,Male,69.216.52.210
456,Oren,Shovell,oshovellcn@yale.edu,Male,65.62.191.88
457,Bernardo,Drayton,bdraytonco@booking.com,Male,79.121.6.22
458,Jackquelin,Boyton,jboytoncp@unicef.org,Female,221.84.182.174
459,Elaina,Hannaford,ehannafordcq@pbs.org,Female,35.52.147.162
460,Ross,Dowtry,rdowtrycr@creativecommons.org,Male,15.78.23.24
461,Kenny,Bullion,kbullioncs@furl.net,Male,93.221.81.125
462,Jeremiah,Lighton,jlightonct@elpais.com,Male,219.4.237.17
463,Marget,Hillborne,mhillbornecu@prweb.com,Female,110.178.159.28
464,Junia,Ruddock,jruddockcv@posterous.com,Female,141.30.221.180
465,Sophie,Gueste,sguestecw@goo.ne.jp,Female,212.139.145.105
466,Augustine,Ditch,aditchcx@tumblr.com,Female,123.64.94.1
467,Georgie,Levecque,glevecquecy@bbb.org,Female,125.54.159.144
468,Bartholomew,Blaik,bblaikcz@oakley.com,Male,81.137.243.105
469,Shaylyn,Bateman,sbatemand0@google.co.uk,Female,246.173.104.51
470,Dorry,Ruprechter,druprechterd1@360.cn,Female,233.84.173.212
471,Nicola,Sorbie,nsorbied2@clickbank.net,Male,215.36.6.169
472,Michal,Raddin,mraddind3@archive.org,Female,15.250.88.84
473,Angel,Grime,agrimed4@newyorker.com,Female,92.242.79.226
474,Ferdie,Stoile,fstoiled5@friendfeed.com,Male,249.239.251.125
475,Penny,Hinken,phinkend6@sakura.ne.jp,Male,177.116.248.13
476,Elsy,Montilla,emontillad7@ebay.co.uk,Female,58.52.222.11
477,Alic,Kidson,akidsond8@fotki.com,Male,80.40.127.164
478,Marris,Dowse,mdowsed9@economist.com,Female,177.39.166.34
479,Gerald,Eglise,gegliseda@google.fr,Male,228.59.74.85
480,Alidia,Stoop,astoopdb@hubpages.com,Female,143.200.248.138
481,Trevor,Judd,tjudddc@engadget.com,Male,49.120.196.69
482,Teddie,Maleham,tmalehamdd@sbwire.com,Male,170.114.52.225
483,Thaxter,McMorran,tmcmorrande@usa.gov,Male,24.27.210.35
484,Winona,Darte,wdartedf@cloudflare.com,Female,187.124.224.72
485,Trefor,Greatbanks,tgreatbanksdg@answers.com,Male,94.89.161.178
486,Delmor,Ben,dbendh@harvard.edu,Male,129.135.6.151
487,Baxter,Paulin,bpaulindi@harvard.edu,Male,43.79.253.232
488,Arlen,Aldred,aaldreddj@xinhuanet.com,Male,209.31.14.218
489,Anton,Climar,aclimardk@biglobe.ne.jp,Male,73.37.86.119
490,Tierney,Deddum,tdeddumdl@reddit.com,Female,12.88.78.205
491,Alair,Stillgoe,astillgoedm@csmonitor.com,Male,49.91.91.246
492,Jock,Feares,jfearesdn@guardian.co.uk,Male,26.190.213.90
493,Jackelyn,Beddows,jbeddowsdo@google.com.au,Female,204.115.56.77
494,Jocelyne,Aleksandrov,jaleksandrovdp@sina.com.cn,Female,113.220.175.39
495,Alida,Simion,asimiondq@ow.ly,Female,123.118.149.98
496,Bryn,Storrock,bstorrockdr@histats.com,Female,186.221.219.56
497,Uriah,Havis,uhavisds@prlog.org,Male,67.49.82.223
498,Mercie,Howard,mhowarddt@webs.com,Female,51.24.245.110
499,Lemuel,Dines,ldinesdu@infoseek.co.jp,Male,2.25.198.75
500,Phineas,Cosbey,pcosbeydv@posterous.com,Male,159.56.62.69
501,Orlando,Glennon,oglennondw@meetup.com,Male,68.142.8.2
502,Kirby,Watterson,kwattersondx@princeton.edu,Male,252.120.231.51
503,Biddie,Scud,bscuddy@nhs.uk,Female,157.53.189.124
504,Emmanuel,Rupp,eruppdz@rediff.com,Male,251.205.224.78
505,Denna,Philcock,dphilcocke0@ibm.com,Female,160.255.138.132
506,Jdavie,Churchill,jchurchille1@comcast.net,Male,74.240.135.156
507,Hewet,Craise,hcraisee2@instagram.com,Male,77.80.213.5
508,Courtnay,Danks,cdankse3@phpbb.com,Male,142.96.90.168
509,Hayley,Paddington,hpaddingtone4@cyberchimps.com,Female,34.52.168.253
510,Gwen,Hawtin,ghawtine5@umich.edu,Female,224.127.72.22
511,Alisha,Fyrth,afyrthe6@nbcnews.com,Female,209.96.69.216
512,Freeland,Balfre,fbalfree7@xrea.com,Male,229.205.116.51
513,Keven,Lince,klincee8@163.com,Male,172.177.236.200
514,Gloria,Van der Beken,gvanderbekene9@barnesandnoble.com,Female,180.221.165.171
515,Kelsey,Conneau,kconneauea@unblog.fr,Female,117.153.92.24
516,Boote,Robke,brobkeeb@ca.gov,Male,124.12.109.156
517,Horatio,Mulheron,hmulheronec@japanpost.jp,Male,251.53.129.171
518,Carrissa,Langshaw,clangshawed@imgur.com,Female,148.204.18.35
519,Maje,Poltun,mpoltunee@fda.gov,Male,153.96.117.117
520,Adara,Keele,akeeleef@businessweek.com,Female,181.182.86.170
521,Karly,Waymont,kwaymonteg@rediff.com,Female,36.108.231.12
522,Clio,Strutz,cstrutzeh@mozilla.com,Female,234.46.194.137
523,Konstantin,Smeaton,ksmeatonei@cpanel.net,Male,18.59.76.146
524,Shermie,Millsom,smillsomej@acquirethisname.com,Male,50.243.4.135
525,Dulsea,Ondricek,dondricekek@omniture.com,Female,87.75.51.37
526,Elinore,Scally,escallyel@g.co,Female,133.143.77.96
527,Kathlin,Burnard,kburnardem@drupal.org,Female,140.25.3.18
528,Suzi,Peart,spearten@stumbleupon.com,Female,22.22.32.120
529,Haydon,Vear,hveareo@about.me,Male,135.111.68.51
530,Barty,Camps,bcampsep@bloglovin.com,Male,211.39.108.200
531,Marney,Eltone,meltoneeq@tuttocitta.it,Female,204.134.192.119
532,Austina,Leckenby,aleckenbyer@opera.com,Female,35.159.82.188
533,Noelyn,Kirtlan,nkirtlanes@psu.edu,Female,47.80.24.148
534,Crysta,Hilhouse,chilhouseet@com.com,Female,64.181.28.122
535,Retha,Claus,rclauseu@photobucket.com,Female,164.170.61.251
536,Shepard,Alkins,salkinsev@nbcnews.com,Male,7.178.176.137
537,Deeyn,Dessaur,ddessaurew@slashdot.org,Female,95.133.229.202
538,Nicky,Souness,nsounessex@harvard.edu,Male,4.160.115.80
539,Israel,Yon,iyoney@umich.edu,Male,172.173.180.179
540,Lenka,Laverick,llaverickez@fda.gov,Female,95.82.154.55
541,Merissa,Avann,mavannf0@prnewswire.com,Female,87.118.51.6
542,Oralle,Belliveau,obelliveauf1@ed.gov,Female,29.13.127.127
543,Barde,Ivanilov,bivanilovf2@homestead.com,Male,34.209.189.232
544,Farra,Betchley,fbetchleyf3@privacy.gov.au,Female,205.175.177.2
545,Theadora,Keveren,tkeverenf4@buzzfeed.com,Female,151.105.83.153
546,Merlina,Ubach,mubachf5@va.gov,Female,70.124.231.212
547,Beniamino,Billing,bbillingf6@zdnet.com,Male,52.95.29.75
548,Berkeley,Hurling,bhurlingf7@harvard.edu,Male,217.174.169.66
549,Linzy,Perrycost,lperrycostf8@comsenz.com,Female,94.25.91.63
550,Sax,Palfreman,spalfremanf9@wunderground.com,Male,47.24.100.7
551,Saba,Harbinson,sharbinsonfa@123-reg.co.uk,Female,30.254.71.133
552,Marchall,Snoxill,msnoxillfb@macromedia.com,Male,120.182.149.16
553,Georgie,Whisson,gwhissonfc@cdc.gov,Male,36.129.129.220
554,Deny,Veregan,dvereganfd@ycombinator.com,Female,130.87.137.174
555,Emmit,Biskupiak,ebiskupiakfe@google.co.jp,Male,231.182.215.195
556,Bendix,Troake,btroakeff@ucoz.com,Male,18.17.188.194
557,Karrie,Lumly,klumlyfg@jimdo.com,Female,90.27.215.237
558,Erny,Chasemoore,echasemoorefh@altervista.org,Male,73.50.108.25
559,Flint,Garfitt,fgarfittfi@imageshack.us,Male,97.203.70.146
560,Molly,Gilli,mgillifj@drupal.org,Female,95.139.49.63
561,Karisa,Cosser,kcosserfk@psu.edu,Female,244.248.236.202
562,Karlen,Runnalls,krunnallsfl@tinypic.com,Female,228.168.43.54
563,Jere,Foye,jfoyefm@360.cn,Male,209.112.245.44
564,Taffy,Heliar,theliarfn@myspace.com,Female,90.111.227.72
565,Basil,Allatt,ballattfo@purevolume.com,Male,213.56.228.244
566,Rasia,Fleis,rfleisfp@smh.com.au,Female,253.253.157.176
567,Tanney,O'Criane,tocrianefq@unesco.org,Male,23.163.19.212
568,Domenic,Papaccio,dpapacciofr@opera.com,Male,228.226.161.191
569,Correy,Jones,cjonesfs@eepurl.com,Male,155.110.223.201
570,Malvin,Botly,mbotlyft@myspace.com,Male,134.55.167.24
571,Malena,Dunthorn,mdunthornfu@bloglines.com,Female,188.110.190.22
572,Frederica,Shaw,fshawfv@narod.ru,Female,7.255.178.134
573,Garv,Dell Casa,gdellcasafw@twitter.com,Male,244.72.134.54
574,Emogene,Dewitt,edewittfx@patch.com,Female,24.167.233.203
575,Umeko,Coppledike,ucoppledikefy@gov.uk,Female,250.140.72.101
576,Andrey,Moors,amoorsfz@bbb.org,Male,123.111.47.185
577,Caspar,Altoft,caltoftg0@yahoo.co.jp,Male,165.156.230.120
578,Austine,Teeney,ateeneyg1@blogspot.com,Female,14.29.218.187
579,Neda,Swadden,nswaddeng2@bizjournals.com,Female,78.40.117.163
580,Israel,Aguirrezabala,iaguirrezabalag3@deviantart.com,Male,133.10.147.77
581,Clarissa,Berndsen,cberndseng4@ifeng.com,Female,244.11.81.167
582,Ambrose,Carnall,acarnallg5@weather.com,Male,50.13.94.221
583,Nonah,Gaffey,ngaffeyg6@gnu.org,Female,146.133.204.129
584,Bill,Taylerson,btaylersong7@newsvine.com,Male,11.184.186.241
585,Brien,Radke,bradkeg8@geocities.com,Male,227.34.184.16
586,Dylan,Taile,dtaileg9@phpbb.com,Male,122.198.144.77
587,Homer,Grimmett,hgrimmettga@howstuffworks.com,Male,96.87.248.216
588,Maris,Oliver,molivergb@usnews.com,Female,97.108.42.76
589,Urbanus,Nassy,unassygc@tmall.com,Male,52.54.249.29
590,Cobby,Clausen-Thue,cclausenthuegd@drupal.org,Male,220.246.179.250
591,Oran,Hassard,ohassardge@quantcast.com,Male,253.195.190.192
592,Ozzie,Ivanets,oivanetsgf@usgs.gov,Male,232.108.156.103
593,Shawn,Gagan,sgagangg@sourceforge.net,Male,48.171.28.135
594,Glenden,Jakovijevic,gjakovijevicgh@timesonline.co.uk,Male,70.169.196.137
595,Layney,Stapels,lstapelsgi@miitbeian.gov.cn,Female,108.102.50.240
596,Niven,Brunsden,nbrunsdengj@altervista.org,Male,77.240.23.220
597,Karmen,Denman,kdenmangk@sciencedirect.com,Female,174.24.189.48
598,Joice,Burehill,jburehillgl@discuz.net,Female,142.215.230.110
599,Neile,Cissen,ncissengm@go.com,Female,157.54.72.44
600,Hetti,Delete,hdeletegn@guardian.co.uk,Female,199.255.115.8
601,Cynthea,Skarman,cskarmango@github.com,Female,162.34.85.56
602,Elden,Downse,edownsegp@constantcontact.com,Male,192.164.164.255
603,Joachim,Tremathack,jtremathackgq@barnesandnoble.com,Male,50.117.90.87
604,Vin,Priver,vprivergr@usgs.gov,Male,146.101.65.67
605,Tomaso,Saddleton,tsaddletongs@tuttocitta.it,Male,201.23.236.212
606,Stacy,Spurway,sspurwaygt@slashdot.org,Female,95.109.240.71
607,Nancey,Dehmel,ndehmelgu@dmoz.org,Female,199.20.233.236
608,Bondie,Jeacock,bjeacockgv@ning.com,Male,171.222.90.92
609,Zack,Whyatt,zwhyattgw@elegantthemes.com,Male,187.49.13.219
610,Sonya,Rings,sringsgx@upenn.edu,Female,157.113.88.72
611,Lucie,Suggate,lsuggategy@cdbaby.com,Female,132.199.33.111
612,Allina,Lacheze,alachezegz@imdb.com,Female,109.46.11.158
613,Mercie,Whild,mwhildh0@bravesites.com,Female,85.3.89.69
614,Harley,Hart,hharth1@cmu.edu,Female,44.20.35.56
615,Burnard,O'Shesnan,boshesnanh2@latimes.com,Male,141.33.23.60
616,Charlot,Jaquiss,cjaquissh3@nhs.uk,Female,199.205.221.116
617,Reeva,Vale,rvaleh4@google.cn,Female,11.213.206.23
618,Shoshanna,McVaugh,smcvaughh5@edublogs.org,Female,67.163.6.93
619,Morley,Rosendall,mrosendallh6@latimes.com,Male,68.186.63.110
620,Zeb,Christophersen,zchristophersenh7@sourceforge.net,Male,21.123.22.142
621,Dalton,Bardwell,dbardwellh8@wisc.edu,Male,169.137.165.50
622,Benni,Paramor,bparamorh9@irs.gov,Female,5.141.70.144
623,Mariette,deKnevet,mdeknevetha@sbwire.com,Female,43.248.136.216
624,Gardiner,Bende,gbendehb@twitter.com,Male,57.70.225.70
625,Birch,MacLese,bmaclesehc@state.tx.us,Male,108.175.1.248
626,Tore,Talby,ttalbyhd@simplemachines.org,Male,190.103.140.187
627,Aloisia,Dennidge,adennidgehe@ustream.tv,Female,119.133.37.191
628,Stanwood,Seavers,sseavershf@un.org,Male,115.145.194.59
629,Roby,Lampett,rlampetthg@newsvine.com,Female,175.145.84.18
630,Yulma,Chubb,ychubbhh@pcworld.com,Male,132.44.5.186
631,Niko,Bruckent,nbruckenthi@imgur.com,Male,77.7.230.5
632,Donavon,Hugnet,dhugnethj@fda.gov,Male,140.53.218.29
633,Mufinella,Broggetti,mbroggettihk@google.pl,Female,250.122.41.244
634,Jorrie,Lucio,jluciohl@omniture.com,Female,141.24.133.50
635,Danella,Havvock,dhavvockhm@cargocollective.com,Female,103.3.169.171
636,Dougy,Baggs,dbaggshn@cloudflare.com,Male,6.202.238.27
637,Kellia,Romaint,kromaintho@godaddy.com,Female,108.71.214.164
638,Spike,Guppy,sguppyhp@boston.com,Male,97.151.177.117
639,Cassius,Maher,cmaherhq@amazon.co.jp,Male,227.96.218.79
640,Hanny,Hackett,hhacketthr@alexa.com,Female,60.193.178.204
641,Petronilla,Cordobes,pcordobeshs@pinterest.com,Female,219.122.89.223
642,Giselbert,Thunnerclef,gthunnerclefht@ucsd.edu,Male,81.11.90.84
643,Nikoletta,Baldelli,nbaldellihu@about.com,Female,117.185.208.204
644,Elnar,Saurin,esaurinhv@over-blog.com,Male,253.73.220.38
645,Mattias,Ponsford,mponsfordhw@printfriendly.com,Male,182.70.76.225
646,Carissa,Jorry,cjorryhx@tuttocitta.it,Female,156.177.17.0
647,Bartlet,Greenroyd,bgreenroydhy@barnesandnoble.com,Male,43.63.245.190
648,Benson,Dorrian,bdorrianhz@answers.com,Male,240.238.80.39
649,Elna,Wevell,ewevelli0@cnn.com,Female,96.187.26.134
650,Francene,Pleasants,fpleasantsi1@businessweek.com,Female,117.12.131.244
651,Sari,Goodbur,sgoodburi2@cornell.edu,Female,222.221.246.30
652,Marc,Goosnell,mgoosnelli3@pbs.org,Male,215.165.235.73
653,Darryl,Jerome,djeromei4@cpanel.net,Male,152.220.198.182
654,Veronique,Howen,vhoweni5@zdnet.com,Female,31.196.197.118
655,Cher,Lewerenz,clewerenzi6@google.co.uk,Female,165.231.29.73
656,Alikee,Priver,apriveri7@wix.com,Female,72.217.197.182
657,Julee,MacColm,jmaccolmi8@pagesperso-orange.fr,Female,17.241.101.124
658,Valerie,Zorn,vzorni9@tuttocitta.it,Female,161.27.11.23
659,Rancell,Bezarra,rbezarraia@lycos.com,Male,202.229.206.77
660,Jesse,Slegg,jsleggib@phoca.cz,Male,195.209.101.241
661,Kathe,Athersmith,kathersmithic@engadget.com,Female,111.3.64.153
662,Carlie,Luscott,cluscottid@bigcartel.com,Female,91.48.147.1
663,Georgy,Maltster,gmaltsterie@histats.com,Male,207.157.215.83
664,Genevieve,Ropp,groppif@hud.gov,Female,90.242.218.187
665,Katine,Shallow,kshallowig@patch.com,Female,211.22.155.241
666,Cesaro,Yaus,cyausih@hexun.com,Male,58.149.115.221
667,Lou,Ahrenius,lahreniusii@t.co,Female,221.110.18.2
668,Luci,Ravenhill,lravenhillij@vk.com,Female,225.33.69.74
669,Cynde,Bollin,cbollinik@whitehouse.gov,Female,105.88.51.129
670,Burtie,Huyge,bhuygeil@dot.gov,Male,49.6.52.147
671,Onofredo,Clapton,oclaptonim@reference.com,Male,251.155.15.158
672,Yasmin,Klemt,yklemtin@stanford.edu,Female,200.69.197.22
673,Dedra,Hanway,dhanwayio@issuu.com,Female,173.182.54.127
674,Nixie,Weiser,nweiserip@census.gov,Female,186.43.42.122
675,Frederich,Tarrier,ftarrieriq@gmpg.org,Male,26.0.138.236
676,Chauncey,Tampling,ctamplingir@cafepress.com,Male,176.245.50.28
677,Paule,Furbank,pfurbankis@feedburner.com,Female,80.38.7.110
678,Adolph,Shelmerdine,ashelmerdineit@istockphoto.com,Male,212.13.155.68
679,Johannah,Piche,jpicheiu@ameblo.jp,Female,89.124.233.18
680,Guthrey,Lauritsen,glauritseniv@irs.gov,Male,85.16.132.140
681,Pepe,Dudbridge,pdudbridgeiw@webnode.com,Male,253.195.135.237
682,Leodora,Stonary,lstonaryix@parallels.com,Female,242.222.84.209
683,Rosette,Pirie,rpirieiy@princeton.edu,Female,83.87.161.54
684,Darcey,Goodbarne,dgoodbarneiz@illinois.edu,Female,42.224.1.14
685,Harriette,McAvey,hmcaveyj0@kickstarter.com,Female,65.147.8.40
686,Andras,Benitti,abenittij1@xing.com,Male,125.113.158.53
687,Stepha,Stubbert,sstubbertj2@biglobe.ne.jp,Female,152.11.185.233
688,Daisy,Heinert,dheinertj3@unblog.fr,Female,249.158.123.192
689,Noble,Menat,nmenatj4@icq.com,Male,207.198.116.20
690,Conan,Mayo,cmayoj5@booking.com,Male,241.135.108.203
691,Sharity,Le Claire,sleclairej6@goo.gl,Female,76.130.61.217
692,Godwin,Cowey,gcoweyj7@va.gov,Male,31.120.137.246
693,Rriocard,Schober,rschoberj8@mysql.com,Male,228.203.203.98
694,Em,Troctor,etroctorj9@statcounter.com,Female,73.198.131.47
695,Hailey,Chessum,hchessumja@devhub.com,Male,232.190.59.183
696,Jemmy,MacInnes,jmacinnesjb@google.fr,Female,125.128.196.118
697,Stefania,Esgate,sesgatejc@rambler.ru,Female,239.64.149.105
698,Daune,Poytres,dpoytresjd@tinypic.com,Female,253.171.177.219
699,Thaine,Melledy,tmelledyje@illinois.edu,Male,255.223.10.190
700,Donelle,Grinter,dgrinterjf@parallels.com,Female,124.15.42.0
701,Lelia,Greser,lgreserjg@google.com,Female,94.19.49.92
702,Kendre,Slowan,kslowanjh@nhs.uk,Female,176.201.249.204
703,Hetty,Breslau,hbreslauji@foxnews.com,Female,33.131.136.70
704,Brnaba,Hiscoke,bhiscokejj@stumbleupon.com,Male,153.214.15.232
705,Myrlene,Burgum,mburgumjk@reddit.com,Female,201.65.227.248
706,Cosette,Titchen,ctitchenjl@twitpic.com,Female,212.61.252.117
707,Meredithe,Kruger,mkrugerjm@narod.ru,Female,153.98.95.133
708,Den,McIlwrick,dmcilwrickjn@hhs.gov,Male,69.204.6.132
709,Kylie,Ivantyev,kivantyevjo@mail.ru,Female,98.253.7.6
710,Krystle,Gauntlett,kgauntlettjp@qq.com,Female,213.69.8.202
711,Sophronia,Haversum,shaversumjq@diigo.com,Female,251.7.47.148
712,Turner,Klesse,tklessejr@rambler.ru,Male,139.31.78.37
713,Rosalia,Hutt,rhuttjs@bloglines.com,Female,208.221.121.63
714,Dedra,Noble,dnoblejt@123-reg.co.uk,Female,156.248.149.91
715,Liva,Murtagh,lmurtaghju@loc.gov,Female,198.237.170.123
716,Willard,Strevens,wstrevensjv@goo.ne.jp,Male,253.104.249.15
717,Dave,Reding,dredingjw@123-reg.co.uk,Male,174.33.247.70
718,Zelig,Grafhom,zgrafhomjx@upenn.edu,Male,2.105.22.78
719,Hermann,Beecraft,hbeecraftjy@ft.com,Male,49.105.102.141
720,Lucille,Hamerton,lhamertonjz@samsung.com,Female,29.231.126.30
721,Amalee,Gutierrez,agutierrezk0@g.co,Female,85.47.209.150
722,Clea,Coltart,ccoltartk1@nationalgeographic.com,Female,173.117.124.107
723,Pen,Pedrocco,ppedroccok2@cdbaby.com,Male,176.182.130.188
724,Bronny,Van Brug,bvanbrugk3@reddit.com,Male,158.125.240.169
725,Orton,Peirazzi,opeirazzik4@nytimes.com,Male,39.28.252.246
726,Moise,Culter,mculterk5@yellowbook.com,Male,251.75.91.167
727,Dalt,Christene,dchristenek6@adobe.com,Male,222.128.65.195
728,Verney,Brayne,vbraynek7@tumblr.com,Male,163.14.46.58
729,Maryjo,Ogdahl,mogdahlk8@macromedia.com,Female,139.182.165.204
730,Bink,Stivani,bstivanik9@wired.com,Male,39.166.235.23
731,Bonni,Doeg,bdoegka@mail.ru,Female,179.140.183.10
732,Aylmer,Pringour,apringourkb@arizona.edu,Male,34.187.217.247
733,Chloette,Sanbroke,csanbrokekc@unesco.org,Female,9.70.219.255
734,Caesar,Deerness,cdeernesskd@accuweather.com,Male,6.27.96.172
735,Kelly,Jedrysik,kjedrysikke@photobucket.com,Male,23.74.50.12
736,Melly,Newsham,mnewshamkf@blinklist.com,Female,97.37.135.9
737,Enriqueta,Gibbetts,egibbettskg@si.edu,Female,169.180.72.83
738,Maxie,Garfath,mgarfathkh@examiner.com,Male,115.205.160.37
739,Anabelle,Fleay,afleayki@cbsnews.com,Female,13.25.95.198
740,Tristam,Conybear,tconybearkj@thetimes.co.uk,Male,196.40.128.221
741,Flin,Thornton-Dewhirst,fthorntondewhirstkk@google.co.jp,Male,205.42.138.64
742,Demetrius,Regnard,dregnardkl@macromedia.com,Male,208.71.29.216
743,Saw,Ribey,sribeykm@wikispaces.com,Male,140.143.141.48
744,Henrie,McCabe,hmccabekn@about.com,Female,45.36.55.145
745,Rowe,Harrinson,rharrinsonko@domainmarket.com,Female,66.161.247.108
746,Katleen,Pandya,kpandyakp@si.edu,Female,67.131.116.118
747,Angelico,Beccles,abeccleskq@deviantart.com,Male,230.53.49.116
748,Dalton,Masseo,dmasseokr@furl.net,Male,69.127.23.179
749,Darby,Nevitt,dnevittks@wikipedia.org,Male,121.117.98.22
750,Jolee,Fincke,jfinckekt@squidoo.com,Female,119.37.216.0
751,Ethelin,Ales0,ealesku@cdbaby.com,Female,190.189.9.48
752,Denise,Hamon,dhamonkv@adobe.com,Female,45.198.192.236
753,Chloris,Speir,cspeirkw@reference.com,Female,92.105.26.179
754,Grantham,Tamas,gtamaskx@google.pl,Male,15.67.192.137
755,Wally,Armfield,warmfieldky@prweb.com,Female,133.254.5.175
756,Madelle,Bunting,mbuntingkz@linkedin.com,Female,9.89.58.96
757,Therine,Annakin,tannakinl0@sohu.com,Female,206.38.57.169
758,Eryn,Phlippsen,ephlippsenl1@hao123.com,Female,37.115.158.133
759,Bevvy,Fucher,bfucherl2@techcrunch.com,Female,19.50.194.2
760,Odella,Polin,opolinl3@cpanel.net,Female,138.114.244.111
761,Ruby,Brevetor,rbrevetorl4@google.com,Male,194.211.226.105
762,Alastair,Brolechan,abrolechanl5@goo.gl,Male,104.164.7.228
763,Merrel,Ivashechkin,mivashechkinl6@samsung.com,Male,89.115.56.74
764,Rhodie,Rowatt,rrowattl7@mtv.com,Female,154.172.17.55
765,Kristoforo,Linder,klinderl8@alibaba.com,Male,102.94.167.87
766,Cammy,Caraher,ccaraherl9@princeton.edu,Male,68.173.98.81
767,Aharon,Judgkins,ajudgkinsla@google.nl,Male,92.144.241.18
768,Eliot,Mouser,emouserlb@yahoo.com,Male,151.5.142.58
769,Lyle,Skeemer,lskeemerlc@theatlantic.com,Male,56.220.238.27
770,Marilyn,Klassmann,mklassmannld@google.co.uk,Female,185.232.141.241
771,Meris,Tollow,mtollowle@godaddy.com,Female,73.217.68.241
772,Trueman,Logsdail,tlogsdaillf@meetup.com,Male,80.61.202.3
773,Angel,Lassen,alassenlg@ucsd.edu,Male,165.184.58.186
774,Marji,Stanbra,mstanbralh@themeforest.net,Female,172.249.211.51
775,Pet,Gaitung,pgaitungli@youku.com,Female,104.209.13.75
776,Gianina,Maass,gmaasslj@cnn.com,Female,129.34.231.8
777,Corinne,Antonucci,cantonuccilk@ucoz.com,Female,1.95.121.91
778,Hattie,Elven,helvenll@theglobeandmail.com,Female,14.83.90.24
779,Kylie,Byas,kbyaslm@sbwire.com,Male,199.76.136.236
780,Bond,Gress,bgressln@plala.or.jp,Male,222.129.20.35
781,Sigismond,Lawrenceson,slawrencesonlo@bluehost.com,Male,140.138.97.178
782,Linc,Brennan,lbrennanlp@ucoz.com,Male,123.128.251.73
783,Duke,Morit,dmoritlq@vimeo.com,Male,204.167.227.15
784,Leodora,Redier,lredierlr@nytimes.com,Female,93.251.137.41
785,Forest,Emm,femmls@t-online.de,Male,205.63.101.24
786,Norton,St Louis,nstlouislt@squarespace.com,Male,254.42.156.92
787,Sonni,Oldfield-Cherry,soldfieldcherrylu@youku.com,Female,17.8.158.234
788,Coraline,Blaszkiewicz,cblaszkiewiczlv@twitter.com,Female,76.184.197.122
789,Perry,Penreth,ppenrethlw@canalblog.com,Female,17.178.207.94
790,Aldin,Willan,awillanlx@dot.gov,Male,24.206.157.1
791,Rayner,Spring,rspringly@time.com,Male,232.64.173.125
792,Sophie,Townsend,stownsendlz@japanpost.jp,Female,35.242.111.48
793,Nicol,McOrkil,nmcorkilm0@last.fm,Male,132.133.4.252
794,Wakefield,Tarzey,wtarzeym1@about.com,Male,157.196.234.56
795,Ki,Eddy,keddym2@digg.com,Female,138.144.140.147
796,Boris,Prys,bprysm3@amazon.co.jp,Male,21.47.25.176
797,Burr,Gouch,bgouchm4@wordpress.com,Male,128.7.241.153
798,Tris,Kays,tkaysm5@phpbb.com,Male,196.101.184.143
799,Fidela,Piddington,fpiddingtonm6@google.fr,Female,12.46.163.241
800,Marietta,Ramstead,mramsteadm7@histats.com,Female,200.112.88.178
801,Atlante,Kuhnwald,akuhnwaldm8@statcounter.com,Female,191.218.196.58
802,Martica,Mushet,mmushetm9@phpbb.com,Female,162.169.134.211
803,Ebonee,Wyllt,ewylltma@friendfeed.com,Female,197.74.193.34
804,Lesley,Mordecai,lmordecaimb@alexa.com,Female,248.113.221.212
805,Lem,Belcham,lbelchammc@bigcartel.com,Male,44.218.93.222
806,Klemens,Ritter,krittermd@amazon.co.uk,Male,46.58.43.202
807,Pearce,Seery,pseeryme@europa.eu,Male,181.135.79.223
808,Rivi,Chiommienti,rchiommientimf@flavors.me,Female,59.79.22.184
809,Cosette,Lazarus,clazarusmg@epa.gov,Female,43.141.165.15
810,Bengt,Stut,bstutmh@yale.edu,Male,140.62.232.20
811,Tawsha,Goodram,tgoodrammi@naver.com,Female,46.54.22.18
812,Myriam,Houltham,mhoulthammj@lulu.com,Female,58.156.24.34
813,Hollis,Mathevon,hmathevonmk@slashdot.org,Male,23.119.84.143
814,Binni,Ends,bendsml@comsenz.com,Female,76.62.162.105
815,Opal,Stobart,ostobartmm@businesswire.com,Female,193.90.52.161
816,Morris,Dimblebee,mdimblebeemn@google.co.uk,Male,95.122.137.249
817,Ervin,Ilewicz,eilewiczmo@bing.com,Male,204.18.154.158
818,Josh,Raund,jraundmp@epa.gov,Male,195.17.167.87
819,Gare,Chessell,gchessellmq@indiegogo.com,Male,201.105.108.137
820,Dino,Laudham,dlaudhammr@zdnet.com,Male,77.85.106.147
821,Cal,O'Geaney,cogeaneyms@live.com,Male,167.73.209.151
822,Carina,Lasham,clashammt@simplemachines.org,Female,8.131.204.108
823,Paige,Dinley,pdinleymu@mysql.com,Female,196.84.216.82
824,Diane,Hurst,dhurstmv@spotify.com,Female,229.57.164.61
825,Romeo,Ibbitt,ribbittmw@instagram.com,Male,226.253.117.89
826,Bronny,Michel,bmichelmx@cafepress.com,Male,96.29.34.92
827,Kristoffer,Konneke,kkonnekemy@ovh.net,Male,12.222.147.104
828,Vina,Slobom,vslobommz@devhub.com,Female,184.117.149.64
829,Geri,Corradetti,gcorradettin0@angelfire.com,Female,8.13.242.230
830,Leighton,Padden,lpaddenn1@bigcartel.com,Male,223.141.91.131
831,Jamal,McCrow,jmccrown2@youtu.be,Male,252.17.191.114
832,Tracy,Burkert,tburkertn3@1und1.de,Male,206.51.223.39
833,Cathe,Furtado,cfurtadon4@slideshare.net,Female,103.47.148.7
834,Pablo,Coenraets,pcoenraetsn5@chron.com,Male,150.138.92.115
835,Gradey,Deaton,gdeatonn6@jalbum.net,Male,181.254.29.119
836,Jase,Clitsome,jclitsomen7@apache.org,Male,80.55.19.124
837,Gardner,Bugdell,gbugdelln8@homestead.com,Male,68.30.162.10
838,Mateo,Peppin,mpeppinn9@gmpg.org,Male,166.2.50.6
839,Darda,Dowden,ddowdenna@squarespace.com,Female,39.237.183.236
840,Giustina,Figliovanni,gfigliovanninb@wikimedia.org,Female,72.161.97.93
841,Camella,Have,chavenc@sun.com,Female,238.191.241.59
842,Pearce,Chaudret,pchaudretnd@so-net.ne.jp,Male,141.243.87.119
843,Alayne,Creighton,acreightonne@sogou.com,Female,200.102.179.49
844,Tamarah,Seine,tseinenf@hugedomains.com,Female,37.83.59.49
845,Murielle,Gilluley,mgilluleyng@typepad.com,Female,178.21.88.222
846,Tiffie,Larrie,tlarrienh@tinyurl.com,Female,201.41.145.5
847,Lyn,Grimm,lgrimmni@trellian.com,Male,62.24.207.132
848,Marylee,Peach,mpeachnj@census.gov,Female,197.29.95.209
849,Gabie,Knowller,gknowllernk@netscape.com,Female,209.191.247.32
850,Meris,Muckian,mmuckiannl@un.org,Female,128.127.247.247
851,Wernher,Hicken,whickennm@japanpost.jp,Male,99.185.35.139
852,Jerrold,Gadie,jgadienn@ucoz.ru,Male,139.221.39.124
853,Gregor,Shakle,gshakleno@nature.com,Male,1.20.48.167
854,Savina,Mabone,smabonenp@ovh.net,Female,18.225.185.41
855,Frans,Dowley,fdowleynq@baidu.com,Male,244.29.168.238
856,Owen,Chastanet,ochastanetnr@mayoclinic.com,Male,8.169.160.2
857,Tabina,Kluss,tklussns@feedburner.com,Female,249.193.11.195
858,Timotheus,Stocky,tstockynt@baidu.com,Male,109.183.84.29
859,Edvard,Applewhaite,eapplewhaitenu@nifty.com,Male,41.216.130.112
860,Barry,Robelin,brobelinnv@ucla.edu,Male,190.242.194.216
861,Pearline,O' Mahony,pomahonynw@youtu.be,Female,185.109.110.13
862,Sholom,Tuohy,stuohynx@typepad.com,Male,85.250.251.225
863,Martino,Ludwikiewicz,mludwikiewiczny@toplist.cz,Male,255.34.108.9
864,Nanette,Meekings,nmeekingsnz@google.pl,Female,249.254.90.196
865,Bryce,Rothchild,brothchildo0@fastcompany.com,Male,225.14.18.162
866,Pepe,Marland,pmarlando1@dmoz.org,Male,251.55.74.39
867,Cecil,Beaumont,cbeaumonto2@nifty.com,Female,9.194.181.14
868,Field,Olivari,folivario3@tripod.com,Male,93.11.102.83
869,Ashlin,Ollivierre,aollivierreo4@youtube.com,Male,232.153.116.187
870,Rafaelita,Beggan,rbeggano5@gov.uk,Female,100.45.164.214
871,Roddy,Giveen,rgiveeno6@hexun.com,Male,208.96.213.242
872,Andria,Izkovitch,aizkovitcho7@webnode.com,Female,131.59.39.96
873,Adelbert,McNish,amcnisho8@cbsnews.com,Male,234.233.124.3
874,Leopold,Lightman,llightmano9@gravatar.com,Male,52.157.38.229
875,Ailsun,Poulden,apouldenoa@ed.gov,Female,94.103.221.200
876,Lenora,Torresi,ltorresiob@usatoday.com,Female,96.210.80.40
877,Christabella,Trevenu,ctrevenuoc@arizona.edu,Female,235.69.96.78
878,Sidnee,Clifforth,sclifforthod@psu.edu,Male,237.50.31.226
879,Esma,Pieters,epietersoe@cpanel.net,Female,253.174.57.200
880,Letta,Belt,lbeltof@de.vu,Female,73.97.164.81
881,Faustine,Schustl,fschustlog@gmpg.org,Female,151.249.215.248
882,Aurie,Jennery,ajenneryoh@house.gov,Female,145.158.202.13
883,Frederic,Jellard,fjellardoi@addtoany.com,Male,23.2.131.199
884,Udell,Greatbach,ugreatbachoj@liveinternet.ru,Male,36.116.164.231
885,Dulce,Luce,dluceok@surveymonkey.com,Female,205.17.121.167
886,Carmelita,Gibbings,cgibbingsol@ftc.gov,Female,184.96.80.129
887,Conway,Pincked,cpinckedom@house.gov,Male,112.72.206.64
888,Antonella,Graysmark,agraysmarkon@washington.edu,Female,63.213.162.44
889,Bee,Janovsky,bjanovskyoo@last.fm,Female,62.188.115.61
890,Porty,Troake,ptroakeop@house.gov,Male,43.222.228.76
891,Jammal,Glantz,jglantzoq@meetup.com,Male,252.1.56.233
892,Pippy,Bosanko,pbosankoor@studiopress.com,Female,162.243.155.70
893,April,Copas,acopasos@wikipedia.org,Female,202.231.121.41
894,Milli,Paviour,mpaviourot@disqus.com,Female,144.238.35.34
895,Dani,Grayshan,dgrayshanou@rakuten.co.jp,Male,187.111.211.173
896,Tami,Bennit,tbennitov@oakley.com,Female,200.125.187.159
897,Bartholomeo,Hewell,bhewellow@nba.com,Male,134.18.8.218
898,Lizette,Rohfsen,lrohfsenox@ning.com,Female,240.167.243.77
899,Trent,Wenzel,twenzeloy@arizona.edu,Male,179.65.122.126
900,Dov,Leaman,dleamanoz@github.io,Male,232.33.239.117
901,Rockwell,MacTrustram,rmactrustramp0@skype.com,Male,112.47.30.127
902,Shena,Russilll,srussilllp1@constantcontact.com,Female,107.225.99.91
903,Alfredo,Hairesnape,ahairesnapep2@economist.com,Male,115.27.7.61
904,Nicky,Cashin,ncashinp3@state.tx.us,Female,210.196.188.17
905,Jenelle,Keywood,jkeywoodp4@paypal.com,Female,161.71.141.141
906,Natalya,Sulland,nsullandp5@mapy.cz,Female,5.218.0.11
907,Aubrie,Brierly,abrierlyp6@go.com,Female,195.49.247.85
908,Krishna,Sember,ksemberp7@cdc.gov,Male,119.190.118.171
909,Sybila,Gravett,sgravettp8@usgs.gov,Female,116.26.93.245
910,Yasmin,Foort,yfoortp9@ameblo.jp,Female,40.69.241.153
911,Lurlene,Oxbie,loxbiepa@intel.com,Female,240.27.254.145
912,Christiana,Yglesias,cyglesiaspb@bluehost.com,Female,30.31.114.167
913,Madelina,Tuckwell,mtuckwellpc@smugmug.com,Female,174.112.166.113
914,Audi,Tansley,atansleypd@europa.eu,Female,19.77.5.42
915,Sheri,Bidwell,sbidwellpe@businessweek.com,Female,7.104.170.16
916,Cristabel,Musslewhite,cmusslewhitepf@smh.com.au,Female,254.42.225.39
917,Freeland,Vivers,fviverspg@xing.com,Male,0.52.160.90
918,Isador,Dossetter,idossetterph@independent.co.uk,Male,189.93.3.187
919,Brad,Atter,batterpi@ucsd.edu,Male,12.164.79.43
920,Lian,Osmant,losmantpj@elegantthemes.com,Female,237.166.106.81
921,Angelika,Fussie,afussiepk@comcast.net,Female,232.229.90.197
922,Britni,Jauncey,bjaunceypl@goo.ne.jp,Female,210.122.147.21
923,Wenonah,Gladtbach,wgladtbachpm@amazon.co.uk,Female,203.238.84.238
924,Bartholomew,Hassard,bhassardpn@jimdo.com,Male,123.146.2.124
925,Debbi,Castiglioni,dcastiglionipo@free.fr,Female,102.98.74.66
926,Isidore,Rhys,irhyspp@fc2.com,Male,154.175.31.117
927,Ram,Corradengo,rcorradengopq@studiopress.com,Male,251.133.171.157
928,Bink,Crenage,bcrenagepr@icio.us,Male,133.205.234.187
929,Hoyt,Jacquot,hjacquotps@g.co,Male,82.239.128.82
930,Andee,Ebbetts,aebbettspt@vistaprint.com,Female,241.100.199.247
931,Yettie,Armitt,yarmittpu@google.cn,Female,167.103.167.192
932,Hughie,Clouston,hcloustonpv@freewebs.com,Male,203.3.29.189
933,Malvina,Iwanowicz,miwanowiczpw@wordpress.org,Female,64.242.253.83
934,Dagmar,O'Doireidh,dodoireidhpx@java.com,Female,139.128.171.243
935,Creigh,Calrow,ccalrowpy@google.ca,Male,235.53.0.177
936,Bran,Cuthbertson,bcuthbertsonpz@ebay.com,Male,155.55.64.246
937,Lorry,Bointon,lbointonq0@newsvine.com,Female,76.72.94.173
938,Brnaby,Cabrer,bcabrerq1@wix.com,Male,93.210.78.118
939,Doro,Yerlett,dyerlettq2@ibm.com,Female,19.208.24.70
940,Maurits,Fould,mfouldq3@godaddy.com,Male,251.173.143.223
941,Mae,Everwin,meverwinq4@yahoo.co.jp,Female,191.3.154.90
942,Gusty,Oxenham,goxenhamq5@google.com,Female,0.227.63.143
943,Avie,Predohl,apredohlq6@noaa.gov,Female,179.83.16.78
944,Elnore,Watkiss,ewatkissq7@tamu.edu,Female,6.126.0.141
945,Blaine,Mogey,bmogeyq8@sphinn.com,Male,91.70.184.114
946,Trevor,Lavarack,tlavarackq9@digg.com,Male,100.189.139.34
947,Davidson,Bradburne,dbradburneqa@businessinsider.com,Male,233.186.213.224
948,Roman,Cowpe,rcowpeqb@baidu.com,Male,32.177.69.207
949,Steffen,Smithyman,ssmithymanqc@ezinearticles.com,Male,79.22.105.214
950,Jere,Ainger,jaingerqd@newyorker.com,Female,17.186.214.16
951,Neils,Baudains,nbaudainsqe@state.gov,Male,217.49.82.93
952,Trude,Thresh,tthreshqf@google.es,Female,172.213.231.10
953,Tally,Eaken,teakenqg@newyorker.com,Female,3.251.165.245
954,Charlton,McKnockiter,cmcknockiterqh@simplemachines.org,Male,114.95.215.190
955,Bastien,Finn,bfinnqi@ucsd.edu,Male,3.21.174.249
956,Christye,Dundridge,cdundridgeqj@posterous.com,Female,7.103.15.33
957,Kory,Gherarducci,kgherarducciqk@home.pl,Male,17.193.183.147
958,Izak,Jordi,ijordiql@imgur.com,Male,99.73.138.40
959,Pippo,Hayland,phaylandqm@smh.com.au,Male,58.248.3.119
960,Banky,More,bmoreqn@hhs.gov,Male,234.9.198.155
961,Luella,Titterell,ltitterellqo@blog.com,Female,145.170.171.141
962,Gaspar,Robertot,grobertotqp@gravatar.com,Male,181.210.6.98
963,Emilio,Dowyer,edowyerqq@technorati.com,Male,37.194.88.168
964,Abeu,Settle,asettleqr@dailymotion.com,Male,171.241.75.33
965,Lorrayne,Childerley,lchilderleyqs@nydailynews.com,Female,250.61.2.170
966,Meade,Staddon,mstaddonqt@issuu.com,Female,94.161.188.194
967,Lilyan,McGraw,lmcgrawqu@1688.com,Female,178.249.96.214
968,Sylvia,Polye,spolyeqv@ftc.gov,Female,127.143.104.170
969,Morie,Sharplin,msharplinqw@npr.org,Male,39.96.85.158
970,Sascha,Keeting,skeetingqx@omniture.com,Female,134.252.154.146
971,Ilse,Tiffin,itiffinqy@bbc.co.uk,Female,54.52.66.84
972,Marsha,Fryman,mfrymanqz@booking.com,Female,253.54.95.12
973,Adriano,Popov,apopovr0@state.tx.us,Male,167.208.206.62
974,Yvette,McCormick,ymccormickr1@sciencedirect.com,Female,163.72.118.143
975,Tucker,Hue,thuer2@aol.com,Male,40.108.241.153
976,Bernette,Loxton,bloxtonr3@kickstarter.com,Female,244.56.218.102
977,Errick,Sturt,esturtr4@storify.com,Male,124.133.218.123
978,Kiel,Casini,kcasinir5@blogspot.com,Male,186.46.240.211
979,Gearalt,Grishukov,ggrishukovr6@weibo.com,Male,235.252.43.58
980,Tanner,Dood,tdoodr7@dyndns.org,Male,232.22.52.55
981,Osborn,Dearan,odearanr8@twitpic.com,Male,92.65.210.145
982,Cassie,Gailor,cgailorr9@flickr.com,Female,175.232.7.31
983,Greta,Rainville,grainvillera@cafepress.com,Female,219.217.13.85
984,Flory,Longo,flongorb@weibo.com,Female,29.208.58.135
985,Pamela,Bevis,pbevisrc@flavors.me,Female,75.85.5.206
986,Tucky,Carluccio,tcarlucciord@thetimes.co.uk,Male,162.162.83.142
987,Natividad,Eggar,neggarre@hhs.gov,Female,219.188.58.113
988,Kara,Isbell,kisbellrf@ameblo.jp,Female,131.24.18.83
989,Alford,Maris,amarisrg@spotify.com,Male,75.196.215.123
990,Rosemonde,MacNally,rmacnallyrh@barnesandnoble.com,Female,207.221.171.181
991,Remington,Roseman,rrosemanri@phpbb.com,Male,149.100.91.117
992,Beauregard,Restall,brestallrj@imdb.com,Male,71.32.171.3
993,Rora,Rennolds,rrennoldsrk@reverbnation.com,Female,36.207.144.93
994,Noelani,Singers,nsingersrl@bravesites.com,Female,4.153.251.18
995,Raimund,Skeats,rskeatsrm@storify.com,Male,96.81.225.27
996,Nikkie,Loudwell,nloudwellrn@tripadvisor.com,Female,41.148.82.60
997,Renee,Formoy,rformoyro@psu.edu,Female,95.157.46.118
998,Dolf,Gynne,dgynnerp@furl.net,Male,138.97.165.11
999,Trenton,Siflet,tsifletrq@dedecms.com,Male,167.162.84.25
1000,Ingaberg,Eatock,ieatockrr@constantcontact.com,Female,195.46.63.136